src,bgc,audio,describ,title,user,day,time
/asset/dummy/alice/alice-1-1.jpg,/asset/dummy/alice/alice-1-1.jpg,/asset/dummy/alice/alice-1-1.mp3,Morning commute — the rhythmic clatter of the subway merges with announcements echoing off tiled walls.,Morning Commute,alice,1,08:12
/asset/dummy/alice/alice-1-2.jpg,/asset/dummy/alice/alice-1-2.jpg,/asset/dummy/alice/alice-1-2.mp3,Lunch break at the open-air food market: sizzling woks and vendors calling out the day's specials.,Food Market at Noon,alice,1,12:34
/asset/dummy/bob/bob-1-1.jpg,/asset/dummy/bob/bob-1-1.jpg,/asset/dummy/bob/bob-1-1.mp3,A park fountain drowns out distant traffic — water and wind in slow rotation.,Park Fountain,bob,1,10:05
/asset/dummy/carol/carol-1-1.jpg,/asset/dummy/carol/carol-1-1.jpg,/asset/dummy/carol/carol-1-1.mp3,A street musician near the subway exit plays an erhu. Passersby slow without stopping.,Street Musician,carol,1,09:47
/asset/dummy/carol/carol-1-2.jpg,/asset/dummy/carol/carol-1-2.jpg,/asset/dummy/carol/carol-1-2.mp3,Children's voices bounce off courtyard walls — jump rope counts, laughter, one brief dispute.,Children in Courtyard,carol,1,15:20
/asset/dummy/carol/carol-1-3.jpg,/asset/dummy/carol/carol-1-3.jpg,/asset/dummy/carol/carol-1-3.mp3,The temple bell rings at sunset. Three slow strikes that make the whole block pause.,Temple Bell at Dusk,carol,1,18:58
/asset/dummy/alice/alice-2-1.jpg,/asset/dummy/alice/alice-2-1.jpg,/asset/dummy/alice/alice-2-1.mp3,Rain drumming on a bus shelter roof — irregular, then steady, then irregular again.,Rain on Bus Shelter,alice,2,14:03
/asset/dummy/bob/bob-2-1.jpg,/asset/dummy/bob/bob-2-1.jpg,/asset/dummy/bob/bob-2-1.mp3,A construction site heard from two blocks away: the low thud of pile driving on a schedule.,Distant Construction,bob,2,09:15
/asset/dummy/bob/bob-2-2.jpg,/asset/dummy/bob/bob-2-2.jpg,/asset/dummy/bob/bob-2-2.mp3,Coffee shop ambient layer: milk frother, quiet jazz, overlapping conversations just below comprehension.,Coffee Shop Hum,bob,2,11:42
/asset/dummy/carol/carol-2-1.jpg,/asset/dummy/carol/carol-2-1.jpg,/asset/dummy/carol/carol-2-1.mp3,Night market coming alive — smoke from grills, plastic stools scraping pavement, someone haggling loudly.,Night Market,carol,2,19:30
/asset/dummy/carol/carol-2-2.jpg,/asset/dummy/carol/carol-2-2.jpg,/asset/dummy/carol/carol-2-2.mp3,Rush-hour intersection: mopeds accelerate in gaps between lights, horns used as punctuation.,Moped Intersection,carol,2,08:44
/asset/dummy/alice/alice-3-1.jpg,/asset/dummy/alice/alice-3-1.jpg,/asset/dummy/alice/alice-3-1.mp3,Pre-dawn park — only birds and a distant sweeper. The city hasn't started yet.,Birds at Dawn,alice,3,05:51
/asset/dummy/alice/alice-3-2.jpg,/asset/dummy/alice/alice-3-2.jpg,/asset/dummy/alice/alice-3-2.mp3,Factory whistle marks shift change. Workers stream through a gate while a new crowd lines up.,Factory Whistle,alice,3,07:00
/asset/dummy/alice/alice-3-3.jpg,/asset/dummy/alice/alice-3-3.jpg,/asset/dummy/alice/alice-3-3.mp3,A river boat horn — two blasts, low and long — rolls across the water and fades into the embankment.,River Boat Horn,alice,3,16:22
/asset/dummy/bob/bob-3-1.jpg,/asset/dummy/bob/bob-3-1.jpg,/asset/dummy/bob/bob-3-1.mp3,School bell triggers a wave of sound: chairs, voices, feet on linoleum, the gate swinging open.,School Bell,bob,3,08:00
/asset/dummy/bob/bob-3-2.jpg,/asset/dummy/bob/bob-3-2.jpg,/asset/dummy/bob/bob-3-2.mp3,Wind moves through a bamboo grove beside the path — a dry, papery rustling with no pattern.,Bamboo in Wind,bob,3,13:17
/asset/dummy/bob/bob-3-3.jpg,/asset/dummy/bob/bob-3-3.jpg,/asset/dummy/bob/bob-3-3.mp3,At dusk the crickets start. By dark they're everywhere, under everything.,Evening Crickets,bob,3,20:45
/asset/dummy/carol/carol-3-1.jpg,/asset/dummy/carol/carol-3-1.jpg,/asset/dummy/carol/carol-3-1.mp3,Inside the departure hall: rolling luggage, announcements in three languages, someone running for a gate.,Airport Hall,carol,3,11:10
/asset/dummy/alice/alice-4-1.jpg,/asset/dummy/alice/alice-4-1.jpg,/asset/dummy/alice/alice-4-1.mp3,Pavement still wet — footsteps sound heavier, puddles catch reflections of neon.,Wet Pavement,alice,4,07:38
/asset/dummy/alice/alice-4-2.jpg,/asset/dummy/alice/alice-4-2.jpg,/asset/dummy/alice/alice-4-2.mp3,Rush hour intersection: the light changes and everything moves at once — engines, wheels, voices.,Rush Hour Crossroads,alice,4,08:55
/asset/dummy/bob/bob-4-1.jpg,/asset/dummy/bob/bob-4-1.jpg,/asset/dummy/bob/bob-4-1.mp3,Library interior: a kind of concentrated silence, disturbed only by page turns and climate control.,Library Quiet,bob,4,14:30
/asset/dummy/carol/carol-4-1.jpg,/asset/dummy/carol/carol-4-1.jpg,/asset/dummy/carol/carol-4-1.mp3,Neighborhood loudspeaker broadcasts community notices in a flat monotone — heard through closed windows.,Neighborhood Broadcast,carol,4,07:05
/asset/dummy/carol/carol-4-2.jpg,/asset/dummy/carol/carol-4-2.jpg,/asset/dummy/carol/carol-4-2.mp3,An old radio plays Cantonese pop from a repair shop doorway. The song fades as I pass.,Shop Window Radio,carol,4,16:48
/asset/dummy/alice/alice-5-1.jpg,/asset/dummy/alice/alice-5-1.jpg,/asset/dummy/alice/alice-5-1.mp3,Rooftop at dusk — wind shifts direction and the city's noise rises and falls like breathing.,Rooftop Wind,alice,5,18:20
/asset/dummy/bob/bob-5-1.jpg,/asset/dummy/bob/bob-5-1.jpg,/asset/dummy/bob/bob-5-1.mp3,The street sweeper comes through at midnight — bristles on asphalt, warning beeps, then silence again.,Midnight Sweeper,bob,5,00:12
/asset/dummy/bob/bob-5-2.jpg,/asset/dummy/bob/bob-5-2.jpg,/asset/dummy/bob/bob-5-2.mp3,Metro platform at peak hour: a wall of sound when the train arrives, then sudden vacuum as it leaves.,Metro Platform Rush,bob,5,17:48
/asset/dummy/carol/carol-5-1.jpg,/asset/dummy/carol/carol-5-1.jpg,/asset/dummy/carol/carol-5-1.mp3,Market closing time — vendors stack crates, unsold fish packed in ice, generators switched off one by one.,Market Closing,carol,5,20:00
/asset/dummy/carol/carol-5-2.jpg,/asset/dummy/carol/carol-5-2.jpg,/asset/dummy/carol/carol-5-2.mp3,A dog barking deep in an alley — persistent, answered by nothing. Then a door, then quiet.,Dog in Alley,carol,5,22:33
/asset/dummy/carol/carol-5-3.jpg,/asset/dummy/carol/carol-5-3.jpg,/asset/dummy/carol/carol-5-3.mp3,Inside an old building: water moving through pipes in the walls — a buried sound like digestion.,Pipes in Old Building,carol,5,23:47
/asset/dummy/alice/alice-6-1.jpg,/asset/dummy/alice/alice-6-1.jpg,/asset/dummy/alice/alice-6-1.mp3,Morning tai chi in the park — soft counting, breath, the occasional bird. No urgency.,Tai Chi in Park,alice,6,06:30
/asset/dummy/alice/alice-6-2.jpg,/asset/dummy/alice/alice-6-2.jpg,/asset/dummy/alice/alice-6-2.mp3,Garbage truck and morning street noise arriving together — the city starting its maintenance routine.,Morning Garbage Round,alice,6,07:50
/asset/dummy/alice/alice-6-3.jpg,/asset/dummy/alice/alice-6-3.jpg,/asset/dummy/alice/alice-6-3.mp3,A traditional opera rehearsal leaking through a community center wall — percussion first, then voice.,Opera Rehearsal,alice,6,19:15
/asset/dummy/bob/bob-6-1.jpg,/asset/dummy/bob/bob-6-1.jpg,/asset/dummy/bob/bob-6-1.mp3,Botanical garden waterfall — steady white noise that cuts off all city sound. A small acoustic island.,Botanical Garden Waterfall,bob,6,10:40
/asset/dummy/carol/carol-6-1.jpg,/asset/dummy/carol/carol-6-1.jpg,/asset/dummy/carol/carol-6-1.mp3,Underground passage: footsteps multiply and smear into continuous echo. Voices sound like they come from further away.,Underground Echo,carol,6,13:05
/asset/dummy/alice/alice-7-1.jpg,/asset/dummy/alice/alice-7-1.jpg,/asset/dummy/alice/alice-7-1.mp3,Sunday street market: dense, overlapping, cheerful — the loudest the city gets without being aggressive.,Sunday Market,alice,7,09:00
/asset/dummy/alice/alice-7-2.jpg,/asset/dummy/alice/alice-7-2.jpg,/asset/dummy/alice/alice-7-2.mp3,Afternoon thunderstorm — thunder rolling in from the west, rain arriving all at once, traffic stopping.,Afternoon Storm,alice,7,15:37
/asset/dummy/bob/bob-7-1.jpg,/asset/dummy/bob/bob-7-1.jpg,/asset/dummy/bob/bob-7-1.mp3,Evening riverside: the crowd is thick and the sound is too — food, laughter, a tour boat's engine.,Evening Riverside,bob,7,19:00
/asset/dummy/bob/bob-7-2.jpg,/asset/dummy/bob/bob-7-2.jpg,/asset/dummy/bob/bob-7-2.mp3,Fireworks heard but not seen — muffled booms from somewhere across the river, syncopated.,Distant Fireworks,bob,7,21:15
/asset/dummy/bob/bob-7-3.jpg,/asset/dummy/bob/bob-7-3.jpg,/asset/dummy/bob/bob-7-3.mp3,Last bus arriving — hydraulic hiss of the doors, the driver's radio playing quietly, passengers boarding in silence.,Night Bus Arriving,bob,7,23:05
/asset/dummy/carol/carol-7-1.jpg,/asset/dummy/carol/carol-7-1.jpg,/asset/dummy/carol/carol-7-1.mp3,From the balcony: the city as one continuous sound — no single source, just the hum of everything together.,Balcony Soundscape,carol,7,20:30
/asset/dummy/carol/carol-7-2.jpg,/asset/dummy/carol/carol-7-2.jpg,/asset/dummy/carol/carol-7-2.mp3,Restaurant kitchen at full speed — orders called, metal on metal, the extractor fan above everything.,Restaurant Kitchen,carol,7,12:00
