src,bgc,audio,describ,title,user,city,day,time,date,tag,feel
/asset/dummy/alice/alice-1-1.jpg,/asset/dummy/alice/alice-1-1.jpg,/asset/dummy/alice/alice-1-1.mp3,Morning commute — the rhythmic clatter of the subway merges with announcements echoing off tiled walls.,Morning Commute,alice,suzhou,1,08:12,05-01,On the way,rushed
/asset/dummy/alice/alice-1-1.jpg,/asset/dummy/alice/alice-1-1.jpg,/asset/dummy/alice/alice-1-1.mp3,Lunch break at the open-air food market: sizzling woks and vendors calling out the day's specials.,Food Market at Noon,alice,suzhou,1,12:34,05-01,Commercial space,hungry
/asset/dummy/bob/bob-1-1.jpg,/asset/dummy/bob/bob-1-1.jpg,/asset/dummy/bob/bob-1-1.mp3,A park fountain drowns out distant traffic — water and wind in slow rotation.,Park Fountain,bob,suzhou,1,10:05,05-01,Open space,peaceful
/asset/dummy/carol/carol-1-1.jpg,/asset/dummy/carol/carol-1-1.jpg,/asset/dummy/carol/carol-1-1.mp3,A street musician near the subway exit plays an erhu. Passersby slow without stopping.,Street Musician,carol,shenzhen,1,09:47,05-01,Historical place,curious
/asset/dummy/carol/carol-1-1.jpg,/asset/dummy/carol/carol-1-1.jpg,/asset/dummy/carol/carol-1-1.mp3,"Children's voices bounce off courtyard walls — jump rope counts, laughter, one brief dispute.",Children in Courtyard,carol,shenzhen,1,15:20,05-01,Historical place,nostalgic
/asset/dummy/carol/carol-1-1.jpg,/asset/dummy/carol/carol-1-1.jpg,/asset/dummy/carol/carol-1-1.mp3,The temple bell rings at sunset. Three slow strikes that make the whole block pause.,Temple Bell at Dusk,carol,suzhou,1,18:58,05-01,Historical place,still
/asset/dummy/alice/alice-2-1.jpg,/asset/dummy/alice/alice-2-1.jpg,/asset/dummy/alice/alice-2-1.mp3,"Rain drumming on a bus shelter roof — irregular, then steady, then irregular again.",Rain on Bus Shelter,alice,suzhou,2,14:03,05-02,On the way,melancholic
/asset/dummy/bob/bob-2-1.jpg,/asset/dummy/bob/bob-2-1.jpg,/asset/dummy/bob/bob-2-1.mp3,A construction site heard from two blocks away: the low thud of pile driving on a schedule.,Distant Construction,bob,shenzhen,2,09:15,05-02,Commercial space,tired
/asset/dummy/bob/bob-2-1.jpg,/asset/dummy/bob/bob-2-1.jpg,/asset/dummy/bob/bob-2-1.mp3,"Coffee shop ambient layer: milk frother, quiet jazz, overlapping conversations just below comprehension.",Coffee Shop Hum,bob,shenzhen,2,11:42,05-02,Commercial space,overwhelmed
/asset/dummy/carol/carol-2-1.jpg,/asset/dummy/carol/carol-2-1.jpg,/asset/dummy/carol/carol-2-1.mp3,"Night market coming alive — smoke from grills, plastic stools scraping pavement, someone haggling loudly.",Night Market,carol,shenzhen,2,19:30,05-02,Commercial space,hungry
/asset/dummy/carol/carol-2-1.jpg,/asset/dummy/carol/carol-2-1.jpg,/asset/dummy/carol/carol-2-1.mp3,"Rush-hour intersection: mopeds accelerate in gaps between lights, horns used as punctuation.",Moped Intersection,carol,shenzhen,2,08:44,05-02,On the way,rushed
/asset/dummy/alice/alice-3-1.jpg,/asset/dummy/alice/alice-3-1.jpg,/asset/dummy/alice/alice-3-1.mp3,Pre-dawn park — only birds and a distant sweeper. The city hasn't started yet.,Birds at Dawn,alice,shenzhen,3,05:51,05-03,Open space,peaceful
/asset/dummy/alice/alice-3-1.jpg,/asset/dummy/alice/alice-3-1.jpg,/asset/dummy/alice/alice-3-1.mp3,Factory whistle marks shift change. Workers stream through a gate while a new crowd lines up.,Factory Whistle,alice,suzhou,3,07:00,05-03,On the way,tired
/asset/dummy/alice/alice-3-1.jpg,/asset/dummy/alice/alice-3-1.jpg,/asset/dummy/alice/alice-3-1.mp3,"A river boat horn — two blasts, low and long — rolls across the water and fades into the embankment.",River Boat Horn,alice,suzhou,3,16:22,05-03,Open space,nostalgic
/asset/dummy/bob/bob-3-1.jpg,/asset/dummy/bob/bob-3-1.jpg,/asset/dummy/bob/bob-3-1.mp3,"School bell triggers a wave of sound: chairs, voices, feet on linoleum, the gate swinging open.",School Bell,bob,shenzhen,3,08:00,05-03,Historical place,nostalgic
/asset/dummy/bob/bob-3-1.jpg,/asset/dummy/bob/bob-3-1.jpg,/asset/dummy/bob/bob-3-1.mp3,"Wind moves through a bamboo grove beside the path — a dry, papery rustling with no pattern.",Bamboo in Wind,bob,suzhou,3,13:17,05-03,Open space,peaceful
/asset/dummy/bob/bob-3-1.jpg,/asset/dummy/bob/bob-3-1.jpg,/asset/dummy/bob/bob-3-1.mp3,"At dusk the crickets start. By dark they're everywhere, under everything.",Evening Crickets,bob,shenzhen,3,20:45,05-03,Open space,curious
/asset/dummy/carol/carol-3-1.jpg,/asset/dummy/carol/carol-3-1.jpg,/asset/dummy/carol/carol-3-1.mp3,"Inside the departure hall: rolling luggage, announcements in three languages, someone running for a gate.",Airport Hall,carol,shenzhen,3,11:10,05-03,On the way,overwhelmed
/asset/dummy/alice/alice-4-1.jpg,/asset/dummy/alice/alice-4-1.jpg,/asset/dummy/alice/alice-4-1.mp3,"Pavement still wet — footsteps sound heavier, puddles catch reflections of neon.",Wet Pavement,alice,shenzhen,4,07:38,05-04,On the way,tired
/asset/dummy/alice/alice-4-1.jpg,/asset/dummy/alice/alice-4-1.jpg,/asset/dummy/alice/alice-4-1.mp3,"Rush hour intersection: the light changes and everything moves at once — engines, wheels, voices.",Rush Hour Crossroads,alice,shenzhen,4,08:55,05-04,On the way,rushed
/asset/dummy/bob/bob-4-1.jpg,/asset/dummy/bob/bob-4-1.jpg,/asset/dummy/bob/bob-4-1.mp3,"Library interior: a kind of concentrated silence, disturbed only by page turns and climate control.",Library Quiet,bob,suzhou,4,14:30,05-04,Commercial space,still
/asset/dummy/carol/carol-4-1.jpg,/asset/dummy/carol/carol-4-1.jpg,/asset/dummy/carol/carol-4-1.mp3,Neighborhood loudspeaker broadcasts community notices in a flat monotone — heard through closed windows.,Neighborhood Broadcast,carol,shenzhen,4,07:05,05-04,Historical place,still
/asset/dummy/carol/carol-4-1.jpg,/asset/dummy/carol/carol-4-1.jpg,/asset/dummy/carol/carol-4-1.mp3,An old radio plays Cantonese pop from a repair shop doorway. The song fades as I pass.,Shop Window Radio,carol,shenzhen,4,16:48,05-04,Commercial space,nostalgic
/asset/dummy/alice/alice-5-1.jpg,/asset/dummy/alice/alice-5-1.jpg,/asset/dummy/alice/alice-5-1.mp3,Rooftop at dusk — wind shifts direction and the city's noise rises and falls like breathing.,Rooftop Wind,alice,suzhou,5,18:20,05-05,Open space,melancholic
/asset/dummy/bob/bob-5-1.jpg,/asset/dummy/bob/bob-5-1.jpg,/asset/dummy/bob/bob-5-1.mp3,"The street sweeper comes through at midnight — bristles on asphalt, warning beeps, then silence again.",Midnight Sweeper,bob,shenzhen,5,00:12,05-05,Commercial space,melancholic
/asset/dummy/bob/bob-5-1.jpg,/asset/dummy/bob/bob-5-1.jpg,/asset/dummy/bob/bob-5-1.mp3,"Metro platform at peak hour: a wall of sound when the train arrives, then sudden vacuum as it leaves.",Metro Platform Rush,bob,shenzhen,5,17:48,05-05,On the way,rushed
/asset/dummy/carol/carol-5-1.jpg,/asset/dummy/carol/carol-5-1.jpg,/asset/dummy/carol/carol-5-1.mp3,"Market closing time — vendors stack crates, unsold fish packed in ice, generators switched off one by one.",Market Closing,carol,shenzhen,5,20:00,05-05,Commercial space,tired
/asset/dummy/carol/carol-5-1.jpg,/asset/dummy/carol/carol-5-1.jpg,/asset/dummy/carol/carol-5-1.mp3,"A dog barking deep in an alley — persistent, answered by nothing. Then a door, then quiet.",Dog in Alley,carol,suzhou,5,22:33,05-05,Open space,melancholic
/asset/dummy/carol/carol-5-1.jpg,/asset/dummy/carol/carol-5-1.jpg,/asset/dummy/carol/carol-5-1.mp3,Inside an old building: water moving through pipes in the walls — a buried sound like digestion.,Pipes in Old Building,carol,shenzhen,5,23:47,05-05,Historical place,curious
/asset/dummy/alice/alice-6-1.jpg,/asset/dummy/alice/alice-6-1.jpg,/asset/dummy/alice/alice-6-1.mp3,"Morning tai chi in the park — soft counting, breath, the occasional bird. No urgency.",Tai Chi in Park,alice,suzhou,6,06:30,05-06,Historical place,peaceful
/asset/dummy/alice/alice-6-1.jpg,/asset/dummy/alice/alice-6-1.jpg,/asset/dummy/alice/alice-6-1.mp3,Garbage truck and morning street noise arriving together — the city starting its maintenance routine.,Morning Garbage Round,alice,suzhou,6,07:50,05-06,Historical place,tired
/asset/dummy/alice/alice-6-1.jpg,/asset/dummy/alice/alice-6-1.jpg,/asset/dummy/alice/alice-6-1.mp3,"A traditional opera rehearsal leaking through a community center wall — percussion first, then voice.",Opera Rehearsal,alice,suzhou,6,19:15,05-06,Historical place,curious
/asset/dummy/bob/bob-6-1.jpg,/asset/dummy/bob/bob-6-1.jpg,/asset/dummy/bob/bob-6-1.mp3,Botanical garden waterfall — steady white noise that cuts off all city sound. A small acoustic island.,Botanical Garden Waterfall,bob,shenzhen,6,10:40,05-06,Open space,peaceful
/asset/dummy/carol/carol-6-1.jpg,/asset/dummy/carol/carol-6-1.jpg,/asset/dummy/carol/carol-6-1.mp3,Underground passage: footsteps multiply and smear into continuous echo. Voices sound like they come from further away.,Underground Echo,carol,shenzhen,6,13:05,05-06,Historical place,curious
/asset/dummy/alice/alice-7-1.jpg,/asset/dummy/alice/alice-7-1.jpg,/asset/dummy/alice/alice-7-1.mp3,"Sunday street market: dense, overlapping, cheerful — the loudest the city gets without being aggressive.",Sunday Market,alice,shenzhen,7,09:00,05-07,Commercial space,cheerful
/asset/dummy/alice/alice-7-1.jpg,/asset/dummy/alice/alice-7-1.jpg,/asset/dummy/alice/alice-7-1.mp3,"Afternoon thunderstorm — thunder rolling in from the west, rain arriving all at once, traffic stopping.",Afternoon Storm,alice,suzhou,7,15:37,05-07,Open space,overwhelmed
/asset/dummy/bob/bob-7-1.jpg,/asset/dummy/bob/bob-7-1.jpg,/asset/dummy/bob/bob-7-1.mp3,"Evening riverside: the crowd is thick and the sound is too — food, laughter, a tour boat's engine.",Evening Riverside,bob,shenzhen,7,19:00,05-07,Open space,cheerful
/asset/dummy/bob/bob-7-1.jpg,/asset/dummy/bob/bob-7-1.jpg,/asset/dummy/bob/bob-7-1.mp3,"Fireworks heard but not seen — muffled booms from somewhere across the river, syncopated.",Distant Fireworks,bob,shenzhen,7,21:15,05-07,Historical place,curious
/asset/dummy/bob/bob-7-1.jpg,/asset/dummy/bob/bob-7-1.jpg,/asset/dummy/bob/bob-7-1.mp3,"Last bus arriving — hydraulic hiss of the doors, the driver's radio playing quietly, passengers boarding in silence.",Night Bus Arriving,bob,suzhou,7,23:05,05-07,On the way,still
/asset/dummy/carol/carol-7-1.jpg,/asset/dummy/carol/carol-7-1.jpg,/asset/dummy/carol/carol-7-1.mp3,"From the balcony: the city as one continuous sound — no single source, just the hum of everything together.",Balcony Soundscape,carol,suzhou,7,20:30,05-07,Open space,melancholic
/asset/dummy/carol/carol-7-1.jpg,/asset/dummy/carol/carol-7-1.jpg,/asset/dummy/carol/carol-7-1.mp3,"Restaurant kitchen at full speed — orders called, metal on metal, the extractor fan above everything.",Restaurant Kitchen,carol,shenzhen,7,12:00,05-07,Commercial space,hungry
/public/users/马/ma1.jpeg,/public/users/马/ma1.jpeg,/public/users/马/ma1.webm,"Early morning along the canal — water lapping at stone steps, a barge engine idling in the mist.",Canal Morning Walk,马,suzhou,1,07:30,05-01,On the way,rushed
/public/users/马/ma2.jpeg,/public/users/马/ma2.jpeg,/public/users/马/ma2.webm,"Inside the classical garden: wind through bamboo, a distant flute, footsteps on gravel that slow without reason.",Garden Silence,马,suzhou,2,10:15,05-02,Open space,peaceful
/public/users/马/ma3.jpeg,/public/users/马/ma3.jpeg,/public/users/马/ma3.webm,"Ping Jiang Road at midday — vendors calling prices, the clack of mahjong tiles from an open doorway, a delivery bike bell.",Old Street Market,马,suzhou,3,13:40,05-03,Commercial space,curious
/public/users/马/ma4.jpeg,/public/users/马/ma4.jpeg,/public/users/马/ma4.webm,The evening bell at Cold Mountain Temple rolls across the water three times. The crowd falls quiet before it fades.,Temple Bell Evening,马,suzhou,5,19:00,05-05,Historical place,nostalgic
/public/users/马/ma5.jpeg,/public/users/马/ma5.jpeg,/public/users/马/ma5.webm,"Lakeside before the tourists arrive — breathing, soft footfall, the heron landing without a sound.",Tai Chi by the Water,马,suzhou,7,08:00,05-07,Open space,still
